{"saPolygons":{"spatialReference":{"wkid":4326},"features":[{"attributes":{"ObjectID":1,"FacilityID":1,"Name":"Location 1 : 0 - 1.8641136","FromBreak":0,"ToBreak":1.8641136,"Shape_Length":0.12837124716906,"Shape_Area":0.000983924274264431},"geometry":{"rings":[[[-117.076378305,32.7782491090001],[-117.076015649,32.777392537],[-117.074259847,32.778247036],[-117.073430618,32.777556561],[-117.073130508,32.7775013840001],[-117.068653945,32.7759174330001],[-117.067892696,32.775949623],[-117.066983869,32.774321602],[-117.064241343,32.772254789],[-117.064200097,32.7721364540001],[-117.06421832,32.7720647030001],[-117.063277038,32.7713559270001],[-117.062884408,32.7701768040001],[-117.060913425,32.767593493],[-117.060883386,32.7675608120001],[-117.059257634,32.7663479660001],[-117.058788759,32.7664729360001],[-117.058907942,32.7659959970001],[-117.059241345,32.7637221260001],[-117.059305212,32.761775711],[-117.059311804,32.761446854],[-117.059296195,32.7609392620001],[-117.058778121,32.7604214950001],[-117.059176013,32.758704503],[-117.059609327,32.758746301],[-117.061076792,32.757656109],[-117.061029798,32.7565652320001],[-117.061047304,32.7565444200001],[-117.061720593,32.7559512670001],[-117.062951223,32.755257387],[-117.064123585,32.7529562300001],[-117.064335639,32.7525704710001],[-117.06482553,32.7528015090001],[-117.066058038,32.7532520300001],[-117.067245177,32.752803488],[-117.070927689,32.750423536],[-117.071061943,32.7499908300001],[-117.071329158,32.747588109],[-117.071352078,32.7475708170001],[-117.071875951,32.747646774],[-117.075854792,32.7460353750001],[-117.076395162,32.7461633630001],[-117.076598938,32.7458894800001],[-117.076663983,32.7458508560001],[-117.07754678,32.742603677],[-117.077949054,32.7427218730001],[-117.079354373,32.7414794000001],[-117.079616615,32.7413061830001],[-117.079616799,32.741306073],[-117.079617165,32.7413058770001],[-117.079617544,32.7413057050001],[-117.079617932,32.7413055590001],[-117.07961833,32.741305439],[-117.079618735,32.7413053440001],[-117.079619144,32.741305277],[-117.079619558,32.7413052360001],[-117.079619973,32.7413052220001],[-117.079620388,32.7413052360001],[-117.079620739,32.7413052690001],[-117.079623241,32.741305573],[-117.079771953,32.7413300430001],[-117.080543044,32.741786007],[-117.081332654,32.742156032],[-117.082157178,32.7423870550001],[-117.082957102,32.7425730680001],[-117.083397925,32.7431117830001],[-117.086029081,32.74575408],[-117.08788972,32.7472791440001],[-117.091175736,32.749533548],[-117.092268105,32.7503188040001],[-117.094393837,32.751870437],[-117.095471218,32.7526405200001],[-117.096537444,32.753410903],[-117.097598107,32.7542032160001],[-117.098686657,32.7549684090001],[-117.098970654,32.755171676],[-117.09874893,32.755207377],[-117.09867431,32.7552174960001],[-117.097126775,32.7566290500001],[-117.097291912,32.7601517310001],[-117.097486037,32.7616669650001],[-117.097344439,32.762435458],[-117.097382107,32.762495588],[-117.09741024,32.762572925],[-117.097443264,32.762638773],[-117.097462035,32.7626899650001],[-117.09749337,32.762758612],[-117.097542647,32.762921899],[-117.096892953,32.763078045],[-117.095365423,32.764295286],[-117.09482628,32.7647955580001],[-117.093023926,32.767602116],[-117.094798171,32.771905314],[-117.094768945,32.771943938],[-117.093885963,32.7747528200001],[-117.093381851,32.7749020410001],[-117.090734885,32.7777295390001],[-117.089283865,32.7776885540001],[-117.082268826,32.77786703],[-117.076378305,32.7782491090001]]]}},{"attributes":{"ObjectID":2,"FacilityID":1,"Name":"Location 1 : 0 - 0.6213712","FromBreak":0,"ToBreak":0.6213712,"Shape_Length":0.0308028847363534,"Shape_Area":3.58654197735116E-05},"geometry":{"rings":[[[-117.079776322,32.7677554540001],[-117.079151739,32.7671572840001],[-117.078595583,32.7667663080001],[-117.079301348,32.76633431],[-117.078840379,32.7655408680001],[-117.078820699,32.7655119680001],[-117.078268963,32.7648064740001],[-117.077567482,32.764701281],[-117.077538397,32.764674819],[-117.07716792,32.764602976],[-117.07684572,32.76447955],[-117.076835694,32.764489387],[-117.076471914,32.7647529180001],[-117.076495107,32.7647780070001],[-117.076488648,32.7647928650001],[-117.07629399,32.7649760670001],[-117.076055717,32.7648156660001],[-117.075991331,32.7647779650001],[-117.075662684,32.764629373],[-117.07567394,32.764621226],[-117.075647447,32.764584912],[-117.075888753,32.7644672550001],[-117.075691327,32.7637537620001],[-117.075691922,32.7637020720001],[-117.075692294,32.7636745680001],[-117.075496044,32.762984294],[-117.07510098,32.7626678120001],[-117.075134182,32.7626434950001],[-117.075120506,32.7626294670001],[-117.075134357,32.76261579],[-117.075108723,32.762589717],[-117.075500488,32.7622760610001],[-117.075737022,32.7620874130001],[-117.076100629,32.761836267],[-117.076485775,32.762105294],[-117.076505561,32.762125531],[-117.077076857,32.761908471],[-117.077131131,32.7618973880001],[-117.077597843,32.761919891],[-117.078185261,32.7614920680001],[-117.078765437,32.7610774280001],[-117.079049173,32.760942062],[-117.079063857,32.760930871],[-117.079398318,32.7593014730001],[-117.079379537,32.7592274800001],[-117.079399148,32.759158504],[-117.079452099,32.7590638190001],[-117.079521933,32.7590452810001],[-117.079521396,32.759094324],[-117.079558091,32.7590876730001],[-117.079552156,32.7591085440001],[-117.079578187,32.759346254],[-117.080216335,32.7604732290001],[-117.080443673,32.760576605],[-117.080480854,32.7606068040001],[-117.08070142,32.7610222800001],[-117.081317192,32.7607828010001],[-117.081350564,32.7608119510001],[-117.081606776,32.7611046660001],[-117.081676566,32.7613633760001],[-117.081909741,32.761651495],[-117.081924928,32.76168742],[-117.08194864,32.761717608],[-117.082332854,32.7620638330001],[-117.082688137,32.7628788980001],[-117.082714104,32.7629103040001],[-117.082984369,32.7632801780001],[-117.082997536,32.7633112190001],[-117.083024371,32.7634339960001],[-117.083030987,32.7634657880001],[-117.083031745,32.763515956],[-117.083035069,32.763547712],[-117.083039134,32.7637344830001],[-117.083042041,32.763764462],[-117.082742919,32.7641768840001],[-117.082737363,32.7642907790001],[-117.082741277,32.7643297870001],[-117.083110782,32.764813544],[-117.083119066,32.7650553770001],[-117.083122961,32.7650947340001],[-117.083130146,32.765326841],[-117.083132298,32.7653648300001],[-117.083122731,32.765543182],[-117.083230288,32.766164975],[-117.083235714,32.766203724],[-117.083298709,32.7665033220001],[-117.083313887,32.7665374220001],[-117.08322273,32.767053269],[-117.082829404,32.767039025],[-117.082797076,32.7670395150001],[-117.082728324,32.767033166],[-117.082172099,32.767061148],[-117.081851428,32.767603652],[-117.08182844,32.767590048],[-117.080256622,32.766972057],[-117.079819995,32.7677206000001],[-117.079818704,32.7677192740001],[-117.079776322,32.7677554540001]]]}}]},"messages":[]}