{"saPolygons":{"spatialReference":{"wkid":4326},"features":[{"attributes":{"ObjectID":1,"FacilityID":1,"Name":"Location 1 : 0 - 1.8641136","FromBreak":0,"ToBreak":1.8641136,"Shape_Length":0.128938494173031,"Shape_Area":0.000720079919493701},"geometry":{"rings":[[[-117.161571126,32.768961684],[-117.158734525,32.7657529520001],[-117.158681217,32.765767931],[-117.15671416,32.7653122410001],[-117.154977595,32.7649706350001],[-117.146247036,32.760008149],[-117.145620104,32.7597488660001],[-117.145017946,32.7594707260001],[-117.144403665,32.7591945090001],[-117.144285496,32.7591008520001],[-117.14377599,32.7589169660001],[-117.143570679,32.758826803],[-117.143166354,32.75742182],[-117.142929377,32.7572305100001],[-117.142544578,32.756905772],[-117.14191674,32.7563921240001],[-117.141326986,32.755878184],[-117.141289587,32.755827111],[-117.140510727,32.755204088],[-117.140814659,32.7540335360001],[-117.140069505,32.7530009050001],[-117.139432103,32.752468133],[-117.139032924,32.752141898],[-117.139427492,32.751812075],[-117.140066613,32.75126877],[-117.14003045,32.7487792960001],[-117.139584428,32.7484165540001],[-117.140033688,32.7480522550001],[-117.140779303,32.74742021],[-117.141123641,32.7471546080001],[-117.142243499,32.746220527],[-117.14307788,32.745337663],[-117.143764428,32.744706767],[-117.144118129,32.7443188070001],[-117.144371872,32.744103529],[-117.144603617,32.7439170550001],[-117.144993183,32.7435936530001],[-117.146172081,32.742606843],[-117.146796545,32.742124614],[-117.147918901,32.7411435170001],[-117.152116937,32.738635065],[-117.152734222,32.7388849660001],[-117.155934513,32.7351111500001],[-117.155934513,32.735046314],[-117.155959698,32.734747091],[-117.155954102,32.7346770250001],[-117.155913943,32.734316404],[-117.155896608,32.734241277],[-117.155886055,32.7341940630001],[-117.158484127,32.733864812],[-117.159394932,32.7333238150001],[-117.159655253,32.733528414],[-117.160863404,32.7345491240001],[-117.161217049,32.734730144],[-117.161977346,32.735196993],[-117.163052367,32.736173324],[-117.163591752,32.7366175550001],[-117.163974892,32.7368906080001],[-117.164288515,32.737155634],[-117.166745294,32.7392068140001],[-117.168970941,32.7407546970001],[-117.169954302,32.741799723],[-117.170548869,32.742005702],[-117.17056898,32.742514267],[-117.170936819,32.74292984],[-117.171806087,32.7436975100001],[-117.172165327,32.744110189],[-117.172499263,32.7444090870001],[-117.173897636,32.7461775310001],[-117.174903981,32.747143598],[-117.175155779,32.747296803],[-117.176287015,32.747366345],[-117.176460172,32.7472967460001],[-117.176292407,32.7473773730001],[-117.176226196,32.747413502],[-117.176234129,32.747528403],[-117.176638546,32.7498805050001],[-117.175934185,32.750470379],[-117.175547751,32.7508251570001],[-117.17502724,32.7512612260001],[-117.174469504,32.7517747580001],[-117.174133038,32.7520511550001],[-117.173696145,32.752428083],[-117.173297438,32.7527875320001],[-117.167500506,32.759321394],[-117.164794795,32.7626588100001],[-117.162399314,32.767494324],[-117.162374379,32.7675532480001],[-117.162359215,32.767606791],[-117.162210204,32.768018152],[-117.162193449,32.7680788270001],[-117.162143133,32.768214298],[-117.162125659,32.76827795],[-117.16197269,32.768704503],[-117.161953425,32.7687756220001],[-117.161855189,32.769055124],[-117.161660361,32.7689820210001],[-117.161636476,32.7689810800001],[-117.161571126,32.768961684]],[[-117.15492702,32.7582256580001],[-117.154530703,32.7570253060001],[-117.153608462,32.757629864],[-117.153461515,32.757950368],[-117.153321408,32.7582809940001],[-117.153297775,32.758445253],[-117.1531599,32.7586621250001],[-117.15315613,32.758731352],[-117.153198937,32.758777953],[-117.153164426,32.7588201180001],[-117.152155774,32.7598219070001],[-117.155450393,32.7640618130001],[-117.156054722,32.763217427],[-117.156935125,32.758656063],[-117.15492702,32.7582256580001]]]}},{"attributes":{"ObjectID":2,"FacilityID":1,"Name":"Location 1 : 0 - 0.6213712","FromBreak":0,"ToBreak":0.6213712,"Shape_Length":0.0224503743333095,"Shape_Area":6.8790611622105E-06},