{"saPolygons":{"spatialReference":{"wkid":4326},"features":[{"attributes":{"ObjectID":1,"FacilityID":1,"Name":"Location 1 : 0 - 1.8641136","FromBreak":0,"ToBreak":1.8641136,"Shape_Length":0.156924362054606,"Shape_Area":0.0013459034907704},"geometry":{"rings":[[[-117.047965085,32.7527769480001],[-117.047049842,32.752096151],[-117.046994185,32.7520556330001],[-117.043499896,32.7516476390001],[-117.043281456,32.7517573110001],[-117.042757414,32.7521548620001],[-117.042697088,32.751641346],[-117.04269624,32.751571503],[-117.040568726,32.7493995230001],[-117.039673652,32.7490423880001],[-117.037891516,32.747788266],[-117.036138718,32.7456484190001],[-117.034198,32.7454744350001],[-117.034042096,32.745506488],[-117.033973237,32.74552563],[-117.03347486,32.745630584],[-117.033424537,32.7454536270001],[-117.033202301,32.744554195],[-117.032627589,32.7440859720001],[-117.032173367,32.74365543],[-117.030883236,32.7426473090001],[-117.030495905,32.7423123840001],[-117.030060313,32.741939044],[-117.029383648,32.7412881240001],[-117.028596898,32.73930761],[-117.026486684,32.7382967670001],[-117.026483517,32.7381211330001],[-117.025478896,32.736471201],[-117.024502337,32.736139592],[-117.024402527,32.7360342860001],[-117.0238339,32.735339563],[-117.023316989,32.7348844410001],[-117.023042316,32.7346546360001],[-117.023327893,32.7344278850001],[-117.025202376,32.732932013],[-117.025999832,32.73183113],[-117.026951122,32.731054564],[-117.027496894,32.730589697],[-117.029321948,32.728978732],[-117.030808501,32.728164119],[-117.035031337,32.7243453150001],[-117.03534011,32.7225976300001],[-117.035637999,32.7225947470001],[-117.039903703,32.7216985360001],[-117.041132094,32.7212814820001],[-117.044197237,32.7190277240001],[-117.044376829,32.719064298],[-117.045427756,32.7189071540001],[-117.046782387,32.7153868560001],[-117.046560794,32.7154640590001],[-117.046153672,32.715626199],[-117.046199203,32.715568116],[-117.047216501,32.714824272],[-117.049354709,32.713140422],[-117.049354939,32.713065457],[-117.049369976,32.7128741660001],[-117.04969246,32.7131400260001],[-117.051324922,32.7145267080001],[-117.05442771,32.7145304580001],[-117.054635941,32.714447426],[-117.058052007,32.7142225320001],[-117.06252204,32.715020687],[-117.067652348,32.714522489],[-117.067952111,32.714275489],[-117.068994252,32.714735809],[-117.069001464,32.714738455],[-117.070056073,32.7150474060001],[-117.071943627,32.717147599],[-117.073114113,32.7171094190001],[-117.075609326,32.7199332590001],[-117.076379389,32.7204970070001],[-117.079838468,32.721067568],[-117.080440649,32.7206546910001],[-117.080100286,32.7217197530001],[-117.079676195,32.722233911],[-117.079622614,32.7222798290001],[-117.079781219,32.724284104],[-117.079779978,32.7242893170001],[-117.079778167,32.724295285],[-117.07977597,32.724301122],[-117.079773396,32.724306803],[-117.079770456,32.724312303],[-117.079767163,32.7243175990001],[-117.079765225,32.724320391],[-117.078360738,32.7245868160001],[-117.078322407,32.7246112],[-117.075848116,32.727343838],[-117.075500462,32.7280252670001],[-117.063123337,32.744199741],[-117.062487993,32.746488379],[-117.062474518,32.74655139],[-117.062088788,32.747949444],[-117.062196271,32.7485235130001],[-117.061987979,32.7485508070001],[-117.061079148,32.748600395],[-117.05985623,32.749121454],[-117.057241086,32.7509924330001],[-117.056029027,32.7517253770001],[-117.055323938,32.7529373400001],[-117.054181406,32.753031611],[-117.053243135,32.753285084],[-117.051809085,32.7526602840001],[-117.050111572,32.7524707360001],[-117.049155774,32.7533767470001],[-117.048627855,32.753053204],[-117.047965085,32.7527769480001]]]}},{"attributes":{"ObjectID":2,"FacilityID":1,"Name":"Location 1 : 0 - 0.6213712","FromBreak":0,"ToBreak":0.6213712,"Shape_Length":0.0587781247359813,"Shape_Area":5.89624633404705E-05},"geometry":{"rings":[[[-117.05477259,32.7348879640001],[-117.054284659,32.734808629],[-117.053969136,32.7352846370001],[-117.05394884,32.7352790080001],[-117.053881744,32.7352746510001],[-117.053861778,32.735271262],[-117.05378944,32.735283796],[-117.05376978,32.7352839800001],[-117.053674021,32.735273034],[-117.05276322,32.735686356],[-117.052545498,32.7373798580001],[-117.052534148,32.73738625],[-117.052472902,32.737431966],[-117.050970902,32.7369166010001],[-117.050607603,32.736724687],[-117.050076616,32.7368854850001],[-117.050036715,32.73688967],[-117.049876303,32.736969528],[-117.049639631,32.7369442130001],[-117.049312045,32.736833738],[-117.049261129,32.736834297],[-117.049026472,32.7368062370001],[-117.048186747,32.7369254130001],[-117.047314689,32.7362958460001],[-117.047236658,32.736202582],[-117.047156787,32.736175325],[-117.047149632,32.7361754190001],[-117.046867579,32.736265759],[-117.046878854,32.7362770300001],[-117.046148392,32.736878468],[-117.046143783,32.7368830620001],[-117.045855091,32.736666816],[-117.045209024,32.7361147870001],[-117.045102195,32.736025715],[-117.044939503,32.735543534],[-117.04413981,32.7352056940001],[-117.044102563,32.7351682560001],[-117.044104311,32.7351665100001],[-117.044711569,32.7346869520001],[-117.045076885,32.7343843670001],[-117.045167464,32.7343503820001],[-117.045477109,32.734065339],[-117.046340597,32.734332297],[-117.046389816,32.734331711],[-117.046960628,32.7346243390001],[-117.047454047,32.734515715],[-117.047485266,32.7345153050001],[-117.047915288,32.734420098],[-117.048267537,32.7343341960001],[-117.048286386,32.734333941],[-117.048319888,32.734303385],[-117.048491074,32.734256578],[-117.048599803,32.7338387180001],[-117.048497039,32.733479523],[-117.048514467,32.7334164810001],[-117.048537115,32.733011252],[-117.048501371,32.73293181],[-117.048484125,32.7328890090001],[-117.04853653,32.732875361],[-117.048427743,32.7326017950001],[-117.04829729,32.731656145],[-117.048350956,32.7316188200001],[-117.048366595,32.7315807480001],[-117.048417538,32.7315351440001],[-117.048700177,32.731313868],[-117.048700499,32.7312714290001],[-117.049060228,32.730936285],[-117.049059688,32.7309208030001],[-117.049359189,32.730697111],[-117.049511975,32.730817894],[-117.050531467,32.7316047080001],[-117.050533401,32.73160632],[-117.050481748,32.7316494410001],[-117.050526526,32.7316829440001],[-117.050226778,32.73197987],[-117.050223959,32.7320113920001],[-117.050219211,32.732400081],[-117.049993237,32.7326196340001],[-117.050101525,32.732923188],[-117.050101403,32.732950057],[-117.050119897,32.7329800480001],[-117.050119842,32.733005609],[-117.050589154,32.733073474],[-117.050608307,32.7330570330001],[-117.050684071,32.732986023],[-117.051169283,32.7326460250001],[-117.051179595,32.7326420220001],[-117.051195774,32.7326338030001],[-117.051206638,32.732632374],[-117.051229925,32.7326251530001],[-117.05230059,32.7319308800001],[-117.052314398,32.731929893],[-117.052368638,32.7319113080001],[-117.052381533,32.731908472],[-117.0525624,32.731793209],[-117.05398336,32.731900995],[-117.054002224,32.7318936820001],[-117.054192484,32.7316954290001],[-117.054242469,32.731676228],[-117.055372214,32.730962248],[-117.056128355,32.7309427380001],[-117.056156729,32.7309220600001],[-117.056191164,32.730894602],[-117.05688361,32.7305147540001],[-117.057083016,32.73028033],[-117.057111066,32.730255137],[-117.057384225,32.730084714],[-117.05839457,32.729947225],[-117.058420618,32.7299333190001],[-117.058468972,32.729932042],[-117.058598119,32.7299254690001],[-117.058630195,32.729922263],[-117.059044126,32.7298540400001],[-117.059367928,32.729901247],[-117.060297063,32.729708234],[-117.060266002,32.730114793],[-117.060290213,32.730120809],[-117.060510768,32.7302979630001],[-117.060671023,32.730243672],[-117.06069887,32.7302240590001],[-117.06132706,32.729602889],[-117.061395939,32.7296027740001],[-117.061801021,32.729501805],[-117.061802059,32.7294559690001],[-117.061816291,32.7294368930001],[-117.0620648,32.7291292900001],[-117.062162381,32.7291742210001],[-117.062561917,32.7292849340001],[-117.062555443,32.729299085],[-117.062827065,32.729331272],[-117.06227952,