{"saPolygons":{"spatialReference":{"wkid":4326},"features":[{"attributes":{"ObjectID":1,"FacilityID":1,"Name":"Location 1 : 0 - 1.8641136","FromBreak":0,"ToBreak":1.8641136,"Shape_Length":0.152337059440185,"Shape_Area":0.00144743713721354},"geometry":{"rings":[[[-117.075277331,32.64641571],[-117.074345156,32.6456722460001],[-117.073554189,32.645871615],[-117.072432045,32.645372814],[-117.072338628,32.6453371810001],[-117.070960097,32.644752754],[-117.069593608,32.644174472],[-117.067067356,32.643224274],[-117.066654827,32.64305219],[-117.065442374,32.6425274320001],[-117.064128185,32.642143795],[-117.064128152,32.6421437820001],[-117.062102969,32.640857252],[-117.058907165,32.639545646],[-117.054283006,32.6370010790001],[-117.052812486,32.6371021530001],[-117.052542252,32.6371478720001],[-117.051912798,32.635189397],[-117.049985245,32.635092388],[-117.049921821,32.6350992550001],[-117.049071425,32.634602789],[-117.047991698,32.6344912320001],[-117.046964794,32.6323462620001],[-117.046440835,32.6321075970001],[-117.046402674,32.6320754320001],[-117.043559428,32.6299180170001],[-117.042074912,32.62950426],[-117.041350562,32.6284436080001],[-117.042798288,32.6261375010001],[-117.042824836,32.6254101710001],[-117.043038837,32.6244596780001],[-117.043223735,32.6241505420001],[-117.043890803,32.6230649820001],[-117.044314275,32.622247343],[-117.044868453,32.6213411480001],[-117.045456243,32.6203556840001],[-117.045712164,32.619979915],[-117.046506766,32.618974759],[-117.047117133,32.617729619],[-117.047209629,32.6175771850001],[-117.048078674,32.6165566710001],[-117.047972723,32.6162085010001],[-117.049370994,32.6154493560001],[-117.049977416,32.614433999],[-117.050358967,32.613816394],[-117.050572422,32.613414968],[-117.050915717,32.6128530060001],[-117.052190557,32.6107959060001],[-117.052687837,32.6098664890001],[-117.053216012,32.608938258],[-117.053488029,32.6084869220001],[-117.053488077,32.608486858],[-117.053488174,32.6084867390001],[-117.053488278,32.608486628],[-117.05348839,32.6084865230001],[-117.053488508,32.6084864260001],[-117.053488633,32.608486337],[-117.053488692,32.608486299],[-117.054042264,32.6087722560001],[-117.058025989,32.608553333],[-117.059957661,32.6070643940001],[-117.061203224,32.6050361530001],[-117.062949297,32.603960568],[-117.064255552,32.60178382],[-117.064521968,32.601590011],[-117.064789166,32.6018322140001],[-117.06659593,32.6027531620001],[-117.067100378,32.6027637180001],[-117.069799823,32.6038739570001],[-117.072625506,32.6050589230001],[-117.075112086,32.605933325],[-117.07625291,32.606744533],[-117.076801146,32.6066155830001],[-117.078335333,32.6072879440001],[-117.080687518,32.608283452],[-117.083772102,32.6095929040001],[-117.084656738,32.609968786],[-117.086064727,32.610564234],[-117.086481295,32.610735247],[-117.087542398,32.6111865010001],[-117.088672002,32.611681248],[-117.089001473,32.6119986300001],[-117.089027821,32.612067806],[-117.088965663,32.612135639],[-117.088991762,32.6122072590001],[-117.09022299,32.61315081],[-117.091838875,32.6130157330001],[-117.09192911,32.6129621000001],[-117.091937593,32.6129847020001],[-117.091938477,32.613098527],[-117.091967862,32.613409366],[-117.091969051,32.613480785],[-117.092073499,32.614143251],[-117.092078304,32.614203811],[-117.092124299,32.6143802],[-117.092129773,32.6144372630001],[-117.092186562,32.6169892620001],[-117.091546468,32.618930216],[-117.091983667,32.6213956220001],[-117.09286093,32.622416964],[-117.09286285,32.6224210880001],[-117.092787577,32.622442171],[-117.092653444,32.6224916990001],[-117.092287778,32.623329895],[-117.091745935,32.6242185780001],[-117.091157485,32.6252945370001],[-117.090203085,32.625142139],[-117.090472189,32.6264331960001],[-117.090356737,32.626877977],[-117.089919167,32.6275854460001],[-117.088775608,32.629200602],[-117.087803057,32.631393771],[-117.087558009,32.6318091100001],[-117.087467748,32.632007286],[-117.087096997,32.6325880410001],[-117.086749702,32.6331630870001],[-117.086162834,32.6341381780001],[-117.085108477,32.63600397],[-117.084433153,32.6371519680001],[-117.08341829,32.638337748],[-117.083444886,32.638406581],[-117.083453493,32.6387819130001],[-117.082326089,32.6406797940001],[-117.082100062,32.64104266],[-117.081750127,32.6416575590001],[-117.081409121,32.64221845],[-117.081070119,32.642776951],[-117.080991686,32.642860768],[-117.080700009,32.643350545],[-117.079852861,32.6440661820001],[-117.079487915,32.6446349450001],[-117.079151116,32.645218754],[-117.079065501,32.6453444210001],[-117.078498018,32.646320062],[-117.078487186,32.6463404840001],[-117.078411766,32.646361024],[-117.078412596,32.646343277],[-117.077771108,32.647479194],[-117.075277331,32.64641571]]]}},{"attributes":{"ObjectID":2,"FacilityID":1,"Name":"Location 1 : 0 - 0.6213712","FromBreak":0,"ToBreak":0.6213712,"Shape_Length":0.0431691287504937,"Shape_Area":9.62923886127398E-05},